{"cameraMode":{"drawMode":0,"name":"Shaded","section":"Shading Mode"},"sceneLighting":true,"audioPlay":false,"sceneViewState":{"m_AlwaysRefresh":false,"showFog":true,"showSkybox":true,"showFlares":true,"showImageEffects":true,"showParticleSystems":true,"showVisualEffectGraphs":true,"m_FxEnabled":true},"in2DMode":false,"pivot":{"x":-7.119170665740967,"y":2.8819522857666017,"z":-0.4122161865234375},"rotation":{"x":0.004443987738341093,"y":0.9954670071601868,"z":-0.07360881567001343,"w":0.06010052189230919},"size":4.09514856338501,"orthographic":false}